crate	version	license	repository
aho-corasick	1.1.5	Unlicense OR MIT	https://github.com/BurntSushi/aho-corasick
android_system_properties	0.1.6	MIT OR Apache-2.0	https://github.com/nical/android_system_properties
anyhow	1.0.104	MIT OR Apache-2.0	https://github.com/dtolnay/anyhow
async-trait	0.1.92	MIT OR Apache-2.0	https://github.com/dtolnay/async-trait
atomic-waker	1.1.2	Apache-2.0 OR MIT	https://github.com/smol-rs/atomic-waker
autocfg	1.5.1	Apache-2.0 OR MIT	https://github.com/cuviper/autocfg
axum	0.7.9	MIT	https://github.com/tokio-rs/axum
axum-core	0.4.5	MIT	https://github.com/tokio-rs/axum
base64	0.22.1	MIT OR Apache-2.0	https://github.com/marshallpierce/rust-base64
base64	0.23.1	MIT OR Apache-2.0	https://github.com/marshallpierce/rust-base64
bitflags	1.3.2	MIT/Apache-2.0	https://github.com/bitflags/bitflags
bitflags	2.13.2	MIT OR Apache-2.0	https://github.com/bitflags/bitflags
block-buffer	0.12.1	MIT OR Apache-2.0	https://github.com/RustCrypto/utils
bumpalo	3.20.3	MIT OR Apache-2.0	https://github.com/fitzgen/bumpalo
bytes	1.12.1	MIT	https://github.com/tokio-rs/bytes
cc	1.5.1	MIT OR Apache-2.0	https://github.com/rust-lang/cc-rs
cfg-if	1.0.5	MIT OR Apache-2.0	https://github.com/rust-lang/cfg-if
cfg_aliases	0.2.2	MIT	https://github.com/katharostech/cfg_aliases
chacha20	0.10.2	MIT OR Apache-2.0	https://github.com/RustCrypto/stream-ciphers
chrono	0.4.45	MIT OR Apache-2.0	https://github.com/chronotope/chrono
cmake	0.1.58	MIT OR Apache-2.0	https://github.com/rust-lang/cmake-rs
combine	4.6.8	MIT	https://github.com/Marwes/combine
const-oid	0.10.2	Apache-2.0 OR MIT	https://github.com/RustCrypto/formats
core-foundation-sys	0.8.7	MIT OR Apache-2.0	https://github.com/servo/core-foundation-rs
cpufeatures	0.3.1	MIT OR Apache-2.0	https://github.com/RustCrypto/utils
crossbeam-deque	0.8.8	MIT OR Apache-2.0	https://github.com/crossbeam-rs/crossbeam
crossbeam-epoch	0.9.21	MIT OR Apache-2.0	https://github.com/crossbeam-rs/crossbeam
crossbeam-utils	0.8.23	MIT OR Apache-2.0	https://github.com/crossbeam-rs/crossbeam
crypto-common	0.2.2	MIT OR Apache-2.0	https://github.com/RustCrypto/traits
digest	0.11.3	MIT OR Apache-2.0	https://github.com/RustCrypto/traits
dirs	5.0.1	MIT OR Apache-2.0	https://github.com/soc/dirs-rs
dirs-sys	0.4.1	MIT OR Apache-2.0	https://github.com/dirs-dev/dirs-sys-rs
dispatch2	0.3.1	Zlib OR Apache-2.0 OR MIT	https://github.com/madsmtm/objc2
displaydoc	0.2.7	MIT OR Apache-2.0	https://github.com/yaahc/displaydoc
either	1.18.0	MIT OR Apache-2.0	https://github.com/rayon-rs/either
errno	0.3.14	MIT OR Apache-2.0	https://github.com/lambda-fairy/rust-errno
eureka-nexus-miner-official	1.0.0	MIT
find-msvc-tools	0.1.14	MIT OR Apache-2.0	https://github.com/rust-lang/cc-rs
form_urlencoded	1.2.2	MIT OR Apache-2.0	https://github.com/servo/rust-url
futures-channel	0.3.34	MIT OR Apache-2.0	https://github.com/rust-lang/futures-rs
futures-core	0.3.34	MIT OR Apache-2.0	https://github.com/rust-lang/futures-rs
futures-io	0.3.34	MIT OR Apache-2.0	https://github.com/rust-lang/futures-rs
futures-sink	0.3.34	MIT OR Apache-2.0	https://github.com/rust-lang/futures-rs
futures-task	0.3.34	MIT OR Apache-2.0	https://github.com/rust-lang/futures-rs
futures-util	0.3.34	MIT OR Apache-2.0	https://github.com/rust-lang/futures-rs
getrandom	0.2.17	MIT OR Apache-2.0	https://github.com/rust-random/getrandom
getrandom	0.4.3	MIT OR Apache-2.0	https://github.com/rust-random/getrandom
hermit-abi	0.5.3	MIT OR Apache-2.0	https://github.com/hermit-os/hermit-rs
hex	0.4.3	MIT OR Apache-2.0	https://github.com/KokaKiwi/rust-hex
http	1.5.0	MIT OR Apache-2.0	https://github.com/hyperium/http
http-body	1.1.0	MIT	https://github.com/hyperium/http-body
http-body-util	0.1.5	MIT	https://github.com/hyperium/http-body
httparse	1.10.1	MIT OR Apache-2.0	https://github.com/seanmonstar/httparse
httpdate	1.0.3	MIT OR Apache-2.0	https://github.com/pyfisch/httpdate
hybrid-array	0.4.15	MIT OR Apache-2.0	https://github.com/RustCrypto/hybrid-array
hyper	1.11.1	MIT	https://github.com/hyperium/hyper
hyper-rustls	0.27.10	Apache-2.0 OR ISC OR MIT	https://github.com/rustls/hyper-rustls
hyper-util	0.1.21	MIT	https://github.com/hyperium/hyper-util
iana-time-zone	0.1.65	MIT OR Apache-2.0	https://github.com/strawlab/iana-time-zone
iana-time-zone-haiku	0.1.2	MIT OR Apache-2.0	https://github.com/strawlab/iana-time-zone
icu_collections	2.3.0	Unicode-3.0	https://github.com/unicode-org/icu4x
icu_locale_core	2.3.0	Unicode-3.0	https://github.com/unicode-org/icu4x
icu_normalizer	2.3.0	Unicode-3.0	https://github.com/unicode-org/icu4x
icu_normalizer_data	2.3.0	Unicode-3.0	https://github.com/unicode-org/icu4x
icu_properties	2.3.0	Unicode-3.0	https://github.com/unicode-org/icu4x
icu_properties_data	2.3.0	Unicode-3.0	https://github.com/unicode-org/icu4x
icu_provider	2.3.1	Unicode-3.0	https://github.com/unicode-org/icu4x
idna	1.1.0	MIT OR Apache-2.0	https://github.com/servo/rust-url/
idna_adapter	1.2.2	Apache-2.0 OR MIT	https://github.com/hsivonen/idna_adapter
ipnet	2.12.2	MIT OR Apache-2.0	https://github.com/krisprice/ipnet
itoa	1.0.18	MIT OR Apache-2.0	https://github.com/dtolnay/itoa
jni	0.22.4	MIT OR Apache-2.0	https://github.com/jni-rs/jni-rs
jni-macros	0.22.4	MIT OR Apache-2.0	https://github.com/jni-rs/jni-rs
jni-sys	0.4.1	MIT OR Apache-2.0	https://github.com/jni-rs/jni-sys
jni-sys-macros	0.4.1	MIT OR Apache-2.0	https://github.com/jni-rs/jni-sys
js-sys	0.3.106	MIT OR Apache-2.0	https://github.com/wasm-bindgen/wasm-bindgen/tree/master/crates/js-sys
lazy_static	1.5.0	MIT OR Apache-2.0	https://github.com/rust-lang-nursery/lazy-static.rs
libc	0.2.189	MIT OR Apache-2.0	https://github.com/rust-lang/libc
libredox	0.1.25	MIT	https://gitlab.redox-os.org/redox-os/libredox.git
litemap	0.8.3	Unicode-3.0	https://github.com/unicode-org/icu4x
lock_api	0.4.14	MIT OR Apache-2.0	https://github.com/Amanieu/parking_lot
log	0.4.34	MIT OR Apache-2.0	https://github.com/rust-lang/log
lru-slab	0.1.3	MIT OR Apache-2.0 OR Zlib	https://github.com/Ralith/lru-slab
matchers	0.2.0	MIT	https://github.com/hawkw/matchers
matchit	0.7.3	MIT AND BSD-3-Clause	https://github.com/ibraheemdev/matchit
memchr	2.8.3	Unlicense OR MIT	https://github.com/BurntSushi/memchr
mime	0.3.17	MIT OR Apache-2.0	https://github.com/hyperium/mime
mime_guess	2.0.5	MIT	https://github.com/abonander/mime_guess
mio	1.2.3	MIT	https://github.com/tokio-rs/mio
ndk-context	0.1.1	MIT OR Apache-2.0	https://github.com/rust-windowing/android-ndk-rs
ntapi	0.4.3	Apache-2.0 OR MIT	https://github.com/MSxDOS/ntapi
nu-ansi-term	0.50.3	MIT	https://github.com/nushell/nu-ansi-term
num-traits	0.2.19	MIT OR Apache-2.0	https://github.com/rust-num/num-traits
num_cpus	1.17.0	MIT OR Apache-2.0	https://github.com/seanmonstar/num_cpus
objc2	0.6.4	MIT	https://github.com/madsmtm/objc2
objc2-app-kit	0.3.2	Zlib OR Apache-2.0 OR MIT	https://github.com/madsmtm/objc2
objc2-core-foundation	0.3.2	Zlib OR Apache-2.0 OR MIT	https://github.com/madsmtm/objc2
objc2-encode	4.1.0	MIT	https://github.com/madsmtm/objc2
objc2-foundation	0.3.2	MIT	https://github.com/madsmtm/objc2
once_cell	1.21.4	MIT OR Apache-2.0	https://github.com/matklad/once_cell
option-ext	0.2.0	MPL-2.0	https://github.com/soc/option-ext.git
parking_lot	0.12.5	MIT OR Apache-2.0	https://github.com/Amanieu/parking_lot
parking_lot_core	0.9.12	MIT OR Apache-2.0	https://github.com/Amanieu/parking_lot
percent-encoding	2.3.2	MIT OR Apache-2.0	https://github.com/servo/rust-url/
pin-project-lite	0.2.17	Apache-2.0 OR MIT	https://github.com/taiki-e/pin-project-lite
potential_utf	0.1.6	Unicode-3.0	https://github.com/unicode-org/icu4x
proc-macro2	1.0.107	MIT OR Apache-2.0	https://github.com/dtolnay/proc-macro2
quinn	0.11.12	MIT OR Apache-2.0	https://github.com/quinn-rs/quinn
quinn-proto	0.11.19	MIT OR Apache-2.0	https://github.com/quinn-rs/quinn
quinn-udp	0.5.16	MIT OR Apache-2.0	https://github.com/quinn-rs/quinn
quote	1.0.47	MIT OR Apache-2.0	https://github.com/dtolnay/quote
r-efi	6.0.0	MIT OR Apache-2.0 OR LGPL-2.1-or-later	https://github.com/r-efi/r-efi
rand	0.10.3	MIT OR Apache-2.0	https://github.com/rust-random/rand
rand_core	0.10.1	MIT OR Apache-2.0	https://github.com/rust-random/rand_core
rand_pcg	0.10.2	MIT OR Apache-2.0	https://github.com/rust-random/rngs
randomx-rs	1.6.0	BSD-3-Clause	https://github.com/tari-project/randomx-rs
rayon	1.12.0	MIT OR Apache-2.0	https://github.com/rayon-rs/rayon
rayon-core	1.13.0	MIT OR Apache-2.0	https://github.com/rayon-rs/rayon
redox_syscall	0.5.18	MIT	https://gitlab.redox-os.org/redox-os/syscall
redox_users	0.4.6	MIT	https://gitlab.redox-os.org/redox-os/users
regex-automata	0.4.18	MIT OR Apache-2.0	https://github.com/rust-lang/regex
regex-syntax	0.8.11	MIT OR Apache-2.0	https://github.com/rust-lang/regex
reqwest	0.12.28	MIT OR Apache-2.0	https://github.com/seanmonstar/reqwest
ring	0.17.14	Apache-2.0 AND ISC	https://github.com/briansmith/ring
rust-embed	8.12.0	MIT	https://pyrossh.dev/repos/rust-embed
rust-embed-impl	8.12.0	MIT	https://pyrossh.dev/repos/rust-embed
rust-embed-utils	8.12.0	MIT	https://pyrossh.dev/repos/rust-embed
rustc-hash	2.1.3	Apache-2.0 OR MIT	https://github.com/rust-lang/rustc-hash
rustc_version	0.4.1	MIT OR Apache-2.0	https://github.com/djc/rustc-version-rs
rustls	0.23.45	Apache-2.0 OR ISC OR MIT	https://github.com/rustls/rustls
rustls-pki-types	1.15.1	MIT OR Apache-2.0	https://github.com/rustls/pki-types
rustls-webpki	0.103.15	ISC	https://github.com/rustls/webpki
rustversion	1.0.23	MIT OR Apache-2.0	https://github.com/dtolnay/rustversion
ryu	1.0.23	Apache-2.0 OR BSL-1.0	https://github.com/dtolnay/ryu
same-file	1.0.6	Unlicense/MIT	https://github.com/BurntSushi/same-file
scopeguard	1.2.0	MIT OR Apache-2.0	https://github.com/bluss/scopeguard
semver	1.0.28	MIT OR Apache-2.0	https://github.com/dtolnay/semver
serde	1.0.229	MIT OR Apache-2.0	https://github.com/serde-rs/serde
serde_core	1.0.229	MIT OR Apache-2.0	https://github.com/serde-rs/serde
serde_derive	1.0.229	MIT OR Apache-2.0	https://github.com/serde-rs/serde
serde_json	1.0.151	MIT OR Apache-2.0	https://github.com/serde-rs/json
serde_path_to_error	0.1.20	MIT OR Apache-2.0	https://github.com/dtolnay/path-to-error
serde_urlencoded	0.7.1	MIT/Apache-2.0	https://github.com/nox/serde_urlencoded
sha2	0.11.0	MIT OR Apache-2.0	https://github.com/RustCrypto/hashes
sharded-slab	0.1.7	MIT	https://github.com/hawkw/sharded-slab
shlex	2.0.1	MIT OR Apache-2.0	https://github.com/comex/rust-shlex
signal-hook-registry	1.4.8	MIT OR Apache-2.0	https://github.com/vorner/signal-hook
simd_cesu8	1.2.0	Apache-2.0 OR MIT	https://github.com/seancroach/simd_cesu8
simdutf8	0.1.5	MIT OR Apache-2.0	https://github.com/rusticstuff/simdutf8
slab	0.4.12	MIT	https://github.com/tokio-rs/slab
smallvec	1.16.2	MIT OR Apache-2.0	https://github.com/servo/rust-smallvec
socket2	0.6.5	MIT OR Apache-2.0	https://github.com/rust-lang/socket2
stable_deref_trait	1.2.1	MIT OR Apache-2.0	https://github.com/storyyeller/stable_deref_trait
subtle	2.6.1	BSD-3-Clause	https://github.com/dalek-cryptography/subtle
syn	2.0.119	MIT OR Apache-2.0	https://github.com/dtolnay/syn
syn	3.0.6	MIT OR Apache-2.0	https://github.com/dtolnay/syn
sync_wrapper	1.0.2	Apache-2.0	https://github.com/Actyx/sync_wrapper
synstructure	0.14.0	MIT	https://github.com/mystor/synstructure
sysinfo	0.31.4	MIT	https://github.com/GuillaumeGomez/sysinfo
thiserror	1.0.69	MIT OR Apache-2.0	https://github.com/dtolnay/thiserror
thiserror	2.0.21	MIT OR Apache-2.0	https://github.com/dtolnay/thiserror
thiserror-impl	1.0.69	MIT OR Apache-2.0	https://github.com/dtolnay/thiserror
thiserror-impl	2.0.21	MIT OR Apache-2.0	https://github.com/dtolnay/thiserror
thread_local	1.1.10	MIT OR Apache-2.0	https://github.com/Amanieu/thread_local-rs
tinystr	0.8.4	Unicode-3.0	https://github.com/unicode-org/icu4x
tinyvec	1.13.3	Zlib OR Apache-2.0 OR MIT	https://github.com/Lokathor/tinyvec
tokio	1.53.1	MIT	https://github.com/tokio-rs/tokio
tokio-macros	2.7.2	MIT	https://github.com/tokio-rs/tokio
tokio-rustls	0.26.6	MIT OR Apache-2.0	https://github.com/rustls/tokio-rustls
tower	0.5.3	MIT	https://github.com/tower-rs/tower
tower-http	0.6.11	MIT	https://github.com/tower-rs/tower-http
tower-layer	0.3.3	MIT	https://github.com/tower-rs/tower
tower-service	0.3.3	MIT	https://github.com/tower-rs/tower
tracing	0.1.44	MIT	https://github.com/tokio-rs/tracing
tracing-attributes	0.1.31	MIT	https://github.com/tokio-rs/tracing
tracing-core	0.1.36	MIT	https://github.com/tokio-rs/tracing
tracing-log	0.2.0	MIT	https://github.com/tokio-rs/tracing
tracing-subscriber	0.3.23	MIT	https://github.com/tokio-rs/tracing
try-lock	0.2.5	MIT	https://github.com/seanmonstar/try-lock
typenum	1.20.1	MIT OR Apache-2.0	https://github.com/paholg/typenum
unicase	2.9.0	MIT OR Apache-2.0	https://github.com/seanmonstar/unicase
unicode-ident	1.0.26	(MIT OR Apache-2.0) AND Unicode-3.0	https://github.com/dtolnay/unicode-ident
untrusted	0.9.0	ISC	https://github.com/briansmith/untrusted
url	2.5.8	MIT OR Apache-2.0	https://github.com/servo/rust-url
utf8_iter	1.0.4	Apache-2.0 OR MIT	https://github.com/hsivonen/utf8_iter
valuable	0.1.1	MIT	https://github.com/tokio-rs/valuable
walkdir	2.5.0	Unlicense/MIT	https://github.com/BurntSushi/walkdir
want	0.3.1	MIT	https://github.com/seanmonstar/want
wasi	0.11.1+wasi-snapshot-preview1	Apache-2.0 WITH LLVM-exception OR Apache-2.0 OR MIT	https://github.com/bytecodealliance/wasi
wasm-bindgen	0.2.129	MIT OR Apache-2.0	https://github.com/wasm-bindgen/wasm-bindgen
wasm-bindgen-futures	0.4.79	MIT OR Apache-2.0	https://github.com/wasm-bindgen/wasm-bindgen/tree/master/crates/futures
wasm-bindgen-macro	0.2.129	MIT OR Apache-2.0	https://github.com/wasm-bindgen/wasm-bindgen/tree/master/crates/macro
wasm-bindgen-macro-support	0.2.129	MIT OR Apache-2.0	https://github.com/wasm-bindgen/wasm-bindgen/tree/main/crates/macro-support
wasm-bindgen-shared	0.2.129	MIT OR Apache-2.0	https://github.com/wasm-bindgen/wasm-bindgen/tree/master/crates/shared
web-sys	0.3.106	MIT OR Apache-2.0	https://github.com/wasm-bindgen/wasm-bindgen/tree/master/crates/web-sys
web-time	1.1.0	MIT OR Apache-2.0	https://github.com/daxpedda/web-time
webbrowser	1.2.4	MIT OR Apache-2.0	https://github.com/amodm/webbrowser-rs
webpki-roots	1.0.9	CDLA-Permissive-2.0	https://github.com/rustls/webpki-roots
winapi	0.3.9	MIT/Apache-2.0	https://github.com/retep998/winapi-rs
winapi-i686-pc-windows-gnu	0.4.0	MIT/Apache-2.0	https://github.com/retep998/winapi-rs
winapi-util	0.1.11	Unlicense OR MIT	https://github.com/BurntSushi/winapi-util
winapi-x86_64-pc-windows-gnu	0.4.0	MIT/Apache-2.0	https://github.com/retep998/winapi-rs
windows	0.57.0	MIT OR Apache-2.0	https://github.com/microsoft/windows-rs
windows-core	0.57.0	MIT OR Apache-2.0	https://github.com/microsoft/windows-rs
windows-core	0.62.2	MIT OR Apache-2.0	https://github.com/microsoft/windows-rs
windows-implement	0.57.0	MIT OR Apache-2.0	https://github.com/microsoft/windows-rs
windows-implement	0.60.2	MIT OR Apache-2.0	https://github.com/microsoft/windows-rs
windows-interface	0.57.0	MIT OR Apache-2.0	https://github.com/microsoft/windows-rs
windows-interface	0.59.3	MIT OR Apache-2.0	https://github.com/microsoft/windows-rs
windows-link	0.2.1	MIT OR Apache-2.0	https://github.com/microsoft/windows-rs
windows-result	0.1.2	MIT OR Apache-2.0	https://github.com/microsoft/windows-rs
windows-result	0.4.1	MIT OR Apache-2.0	https://github.com/microsoft/windows-rs
windows-strings	0.5.1	MIT OR Apache-2.0	https://github.com/microsoft/windows-rs
windows-sys	0.48.0	MIT OR Apache-2.0	https://github.com/microsoft/windows-rs
windows-sys	0.52.0	MIT OR Apache-2.0	https://github.com/microsoft/windows-rs
windows-sys	0.61.2	MIT OR Apache-2.0	https://github.com/microsoft/windows-rs
windows-targets	0.48.5	MIT OR Apache-2.0	https://github.com/microsoft/windows-rs
windows-targets	0.52.6	MIT OR Apache-2.0	https://github.com/microsoft/windows-rs
windows_aarch64_gnullvm	0.48.5	MIT OR Apache-2.0	https://github.com/microsoft/windows-rs
windows_aarch64_gnullvm	0.52.6	MIT OR Apache-2.0	https://github.com/microsoft/windows-rs
windows_aarch64_msvc	0.48.5	MIT OR Apache-2.0	https://github.com/microsoft/windows-rs
windows_aarch64_msvc	0.52.6	MIT OR Apache-2.0	https://github.com/microsoft/windows-rs
windows_i686_gnu	0.48.5	MIT OR Apache-2.0	https://github.com/microsoft/windows-rs
windows_i686_gnu	0.52.6	MIT OR Apache-2.0	https://github.com/microsoft/windows-rs
windows_i686_gnullvm	0.52.6	MIT OR Apache-2.0	https://github.com/microsoft/windows-rs
windows_i686_msvc	0.48.5	MIT OR Apache-2.0	https://github.com/microsoft/windows-rs
windows_i686_msvc	0.52.6	MIT OR Apache-2.0	https://github.com/microsoft/windows-rs
windows_x86_64_gnu	0.48.5	MIT OR Apache-2.0	https://github.com/microsoft/windows-rs
windows_x86_64_gnu	0.52.6	MIT OR Apache-2.0	https://github.com/microsoft/windows-rs
windows_x86_64_gnullvm	0.48.5	MIT OR Apache-2.0	https://github.com/microsoft/windows-rs
windows_x86_64_gnullvm	0.52.6	MIT OR Apache-2.0	https://github.com/microsoft/windows-rs
windows_x86_64_msvc	0.48.5	MIT OR Apache-2.0	https://github.com/microsoft/windows-rs
windows_x86_64_msvc	0.52.6	MIT OR Apache-2.0	https://github.com/microsoft/windows-rs
writeable	0.6.4	Unicode-3.0	https://github.com/unicode-org/icu4x
yoke	0.8.3	Unicode-3.0	https://github.com/unicode-org/icu4x
yoke-derive	0.8.4	Unicode-3.0	https://github.com/unicode-org/icu4x
zerofrom	0.1.8	Unicode-3.0	https://github.com/unicode-org/icu4x
zerofrom-derive	0.1.8	Unicode-3.0	https://github.com/unicode-org/icu4x
zeroize	1.9.0	Apache-2.0 OR MIT	https://github.com/RustCrypto/utils
zerotrie	0.2.5	Unicode-3.0	https://github.com/unicode-org/icu4x
zerovec	0.11.8	Unicode-3.0	https://github.com/unicode-org/icu4x
zerovec-derive	0.11.6	Unicode-3.0	https://github.com/unicode-org/icu4x
zmij	1.0.23	MIT	https://github.com/dtolnay/zmij
